{"cameraMode":{"drawMode":0,"name":"Shaded","section":"Shading Mode"},"sceneLighting":true,"audioPlay":false,"sceneViewState":{"showFog":true,"showMaterialUpdate":false,"showSkybox":true,"showFlares":true,"showImageEffects":true,"showParticleSystems":true},"in2DMode":false,"pivot":{"x":2.9874420166015627,"y":-3.1920247077941896,"z":4.829665184020996},"rotation":{"x":0.3430243730545044,"y":0.3043210506439209,"z":-0.11852098256349564,"w":0.8807383179664612},"size":10.854787826538086,"orthographic":false}