{"cameraMode":{"drawMode":0,"name":"Shaded","section":"Shading Mode"},"sceneLighting":true,"audioPlay":false,"sceneViewState":{"showFog":true,"showMaterialUpdate":false,"showSkybox":true,"showFlares":true,"showImageEffects":true,"showParticleSystems":true},"in2DMode":false,"pivot":{"x":0.1428360939025879,"y":-2.4271979331970217,"z":1.0382999181747437},"rotation":{"x":-0.2754708230495453,"y":0.6111143231391907,"z":-0.23971211910247804,"w":-0.7022819519042969},"size":10.34721565246582,"orthographic":false}